{
  "version": 1,
  "author": "Anonymous maker",
  "editor": "wokwi",
  "parts": [
    { "type": "wokwi-breadboard-mini", "id": "bb1", "top": 113.8, "left": 285.6, "attrs": {} },
    { "type": "wokwi-esp32-devkit-v1", "id": "esp", "top": 100.7, "left": 33.4, "attrs": {} },
    { "type": "wokwi-dht22", "id": "dht1", "top": -86.1, "left": 225, "attrs": {} },
    {
      "type": "board-ssd1306",
      "id": "oled1",
      "top": 348.74,
      "left": 259.43,
      "attrs": { "i2cAddress": "0x3c" }
    },
    { "type": "wokwi-led", "id": "led1", "top": -3.6, "left": 311, "attrs": { "color": "green" } },
    {
      "type": "wokwi-led",
      "id": "led2",
      "top": -3.6,
      "left": 349.4,
      "attrs": { "color": "yellow" }
    },
    { "type": "wokwi-led", "id": "led3", "top": -3.6, "left": 387.8, "attrs": { "color": "red" } },
    { "type": "wokwi-relay-module", "id": "relay1", "top": 297.8, "left": 528, "attrs": {} },
    {
      "type": "wokwi-buzzer",
      "id": "bz1",
      "top": -16.8,
      "left": 472.2,
      "attrs": { "volume": "0.1" }
    }
  ],
  "connections": [
    [ "led1:C", "bb1:4b.j", "green", [ "v0" ] ],
    [ "led2:C", "bb1:8b.j", "green", [ "v0" ] ],
    [ "led3:C", "bb1:12b.j", "green", [ "v0" ] ],
    [ "led1:A", "esp:5", "magenta", [ "v38.4", "h-167" ] ],
    [ "led2:A", "esp:18", "yellow", [ "v28.8", "h-259.9" ] ],
    [ "led3:A", "esp:19", "red", [ "v19.2", "h-317.3" ] ],
    [ "esp:GND", "bb1:1b.j", "black", [ "v105.6", "h221.1" ] ],
    [ "dht1:SDA", "esp:15", "blue", [ "v9.6", "h-115.5" ] ],
    [ "dht1:GND", "bb1:2b.j", "black", [ "v0" ] ],
    [ "relay1:VCC", "esp:5V", "red", [ "h-403.2", "v0", "h-3.8" ] ],
    [ "relay1:GND", "bb1:6b.j", "black", [ "h0" ] ],
    [ "relay1:IN", "esp:23", "white", [ "h-268.8", "v-288.2", "h-109.2" ] ],
    [ "bz1:2", "esp:4", "cyan", [ "v19.2", "h-385.2" ] ],
    [ "bz1:1", "bb1:10b.j", "green", [ "v201.6", "h-115.2" ] ],
    [ "oled1:VCC", "esp:3V3", "red", [ "v-9.6", "h-186.05" ] ],
    [ "oled1:GND", "bb1:14b.j", "yellow", [ "v-48", "h124.8" ] ],
    [ "esp:22", "oled1:SCL", "magenta", [ "v9.5", "h100" ] ],
    [ "esp:21", "oled1:SDA", "green", [ "v38.3", "h119.33" ] ],
    [ "esp:3V3", "dht1:VCC", "green", [ "h66.9", "v-230.4" ] ],
    [ "esp:D22", "oled1:SCL", "magenta", [ "h134.1", "v191.7", "h47.7" ] ],
    [ "oled1:SDA", "esp:D21", "gold", [ "h0.07", "v-57.6", "h-96", "v-134" ] ],
    [ "esp:GND.1", "bb1:17b.j", "blue", [ "h0" ] ],
    [ "bz1:2", "esp:D4", "orange", [ "v172.8", "h-346", "v-19.3" ] ],
    [ "relay1:IN", "esp:D23", "cyan", [ "v115", "h-528", "v-364.8", "h134.7" ] ],
    [ "esp:D5", "led1:A", "#8f4814", [ "h143.7", "v-134.4", "h57.6" ] ],
    [ "led2:A", "esp:D18", "gold", [ "v67.2", "h-211.2", "v76.8" ] ],
    [ "led3:A", "esp:D19", "red", [ "v57.6", "h-268.8", "v76.9" ] ],
    [ "dht1:SDA", "esp:D15", "green", [ "v201.6", "h-105.5", "v9.8" ] ],
    [ "esp:VIN", "relay1:VCC", "blue", [ "v57.6", "h489.6" ] ]
  ],
  "dependencies": {}
}