{
  "version": 1,
  "author": "Fadhail Muhammad Al Falaq",
  "editor": "wokwi",
  "parts": [
    { "type": "wokwi-breadboard-mini", "id": "bb1", "top": 113.8, "left": 285.6, "attrs": {} },
    { "type": "wokwi-esp32-devkit-v1", "id": "esp", "top": 100.7, "left": 33.4, "attrs": {} },
    {
      "type": "wokwi-dht22",
      "id": "dht1",
      "top": -86.1,
      "left": 225,
      "attrs": { "temperature": "65.6", "humidity": "18.5" }
    },
    { "type": "wokwi-relay-module", "id": "relay1", "top": 297.8, "left": 528, "attrs": {} },
    {
      "type": "wokwi-photoresistor-sensor",
      "id": "ldr1",
      "top": 147.2,
      "left": 509.6,
      "attrs": {}
    }
  ],
  "connections": [
    [ "esp:GND", "bb1:1b.j", "black", [ "v105.6", "h221.1" ] ],
    [ "dht1:GND", "bb1:2b.j", "black", [ "v96", "h38.4" ] ],
    [ "relay1:VCC", "esp:5V", "red", [ "h-403.2", "v0", "h-3.8" ] ],
    [ "relay1:GND", "bb1:6b.j", "black", [ "h0" ] ],
    [ "relay1:IN", "esp:23", "white", [ "h-268.8", "v-288.2", "h-109.2" ] ],
    [ "esp:3V3", "dht1:VCC", "green", [ "h66.9", "v-230.4" ] ],
    [ "esp:GND.1", "bb1:17b.j", "blue", [ "h0" ] ],
    [ "esp:VIN", "relay1:VCC", "blue", [ "v57.6", "h489.6" ] ],
    [ "ldr1:GND", "bb1:16b.j", "black", [ "v57.2", "h-240" ] ],
    [ "esp:3V3", "ldr1:VCC", "white", [ "v-192", "h546.9" ] ],
    [ "ldr1:AO", "esp:D34", "purple", [ "v220.1", "h-652.8", "v-259" ] ],
    [ "dht1:SDA", "esp:D15", "green", [ "v0" ] ],
    [ "relay1:IN", "esp:D23", "green", [ "h0" ] ]
  ],
  "dependencies": {
  }
}